{
    "root_group": {
        "groups": {},
        "checks": {},
        "name": "",
        "path": "",
        "id": "d41d8cd98f00b204e9800998ecf8427e"
    },
    "metrics": {
        "data_sent": {
            "count": 37044294,
            "rate": 1111291.3346986019
        },
        "http_req_duration": {
            "avg": 0.7933566695423048,
            "min": 0.036202,
            "med": 0.144627,
            "max": 53.113913,
            "p(90)": 0.233455,
            "p(95)": 0.854293
        },
        "http_req_sending": {
            "avg": 0.011232165720906944,
            "min": 0.002262,
            "med": 0.00891,
            "max": 6.641318,
            "p(90)": 0.012511,
            "p(95)": 0.016373
        },
        "http_req_blocked": {
            "avg": 0.011376646288521246,
            "min": 0.000801,
            "med": 0.002903,
            "max": 23.973883,
            "p(90)": 0.003925,
            "p(95)": 0.004664
        },
        "http_req_failed": {
            "passes": 0,
            "fails": 126001,
            "value": 0
        },
        "http_req_tls_handshaking": {
            "avg": 0,
            "min": 0,
            "med": 0,
            "max": 0,
            "p(90)": 0,
            "p(95)": 0
        },
        "http_req_waiting": {
            "min": 0.025233,
            "med": 0.118151,
            "max": 53.099356,
            "p(90)": 0.203976,
            "p(95)": 0.756707,
            "avg": 0.7661771231339465
        },
        "data_received": {
            "count": 17766141,
            "rate": 532966.2523554519
        },
        "iterations": {
            "count": 126001,
            "rate": 3779.902498974836
        },
        "vus": {
            "value": 129,
            "min": 0,
            "max": 129
        },
        "http_req_receiving": {
            "avg": 0.01594738068745498,
            "min": 0.002256,
            "med": 0.015252,
            "max": 1.509846,
            "p(90)": 0.02338,
            "p(95)": 0.027721
        },
        "http_reqs": {
            "count": 126001,
            "rate": 3779.902498974836
        },
        "http_req_connecting": {
            "min": 0,
            "med": 0,
            "max": 23.94415,
            "p(90)": 0,
            "p(95)": 0,
            "avg": 0.0075355557813033295
        },
        "vus_max": {
            "min": 1680,
            "max": 1680,
            "value": 1680
        },
        "http_req_duration{expected_response:true}": {
            "max": 53.113913,
            "p(90)": 0.233455,
            "p(95)": 0.854293,
            "avg": 0.7933566695423048,
            "min": 0.036202,
            "med": 0.144627
        },
        "iteration_duration": {
            "max": 53.147781,
            "p(90)": 0.28603,
            "p(95)": 1.034772,
            "avg": 0.8433336117173585,
            "min": 0.05231,
            "med": 0.186467
        }
    }
}